epoch,step,train_loss_epoch,train_loss_step
0,49,,0.5807662010192871
0,99,,0.6200001835823059
0,99,0.8739624619483948,
