epoch,step,train_loss_epoch,val/mae,val/mse,val/rmse,val_loss
0,19,,0.737086296081543,0.8710206151008606,0.9332848787307739,0.8710206151008606
0,19,0.9517217874526978,,,,
